name,  lastname,  ssn,  emplyeeID,  email
zaid,  laffta,  456566,  58466, xguyx1000@yahoo.com
name,  lastname,  ssn,  emplyeeID,  email
a;ksdfj,  lkjsadf,  lkalsdkjf,  lkjadslf, lkjasf
name,  lastname,  ssn,  emplyeeID,  email
a;ksdfj,  lkjsadf,  lkalsdkjf,  lkjadslf, lkjasf
name,  lastname,  ssn,  emplyeeID,  email
,  ,  ,  , 
name,  lastname,  ssn,  emplyeeID,  email
,  ,  ,  , 
name,  lastname,  ssn,  emplyeeID,  email
,  ,  ,  , 
name,  lastname,  ssn,  emplyeeID,  email
,  ,  ,  , 
name,  lastname,  ssn,  emplyeeID,  email
,  ,  ,  , 
